year,catch
1992,0.60345261
1993,0.605405553
1994,0.480786916
1995,0.554502066
1996,0.286739421
1997,0.439964719
1998,0.234505087
1999,0.35562382
2000,0.320793362
2001,0.275167719
2002,0.276772078
2003,0.351660141
2004,0.343499571
2005,0.419559035
2006,0.330497232
2007,0.450096556
2008,0.46016397
2009,0.61980452
2010,0.373515311
2011,0.619319541
2012,0.409647636
2013,0.443255021
2014,0.410810542
2015,0.417780319
2016,0.366774963
2017,0.35722307
2018,0.382907135
