year,catch
1992,0.294189019
1993,0.549546567
1994,0.330544888
1995,0.129930716
1996,0.16957102
1997,0.148293218
1998,0.101192881
1999,0.158047035
2000,0.41133074
2001,0.116400035
2002,0.183252471
2003,0.180325361
2004,0.18488235
2005,0.236077514
2006,0.128211545
2007,0.286163174
2008,0.146157115
2009,0.254110893
2010,0.171163982
2011,0.293434556
2012,0.256847028
2013,0.19293631
2014,0.271293262
2015,0.252415699
2016,0.246253732
2017,0.27749816
2018,0.247634876
